val_accuracy,val_f1score,nsamples
0.7294469357249627,0.7272764939189624,669