val_accuracy,val_f1score,nsamples
0.7040358744394619,0.7024249026478986,669