val_accuracy,val_f1score,nsamples
0.7369207772795217,0.7364866536926329,669