val_accuracy,val_f1score,nsamples
0.7373134328358208,0.7381747178881093,670