val_accuracy,val_f1score,nsamples
0.726457399103139,0.7253064396361275,669