val_accuracy,val_f1score,nsamples
0.8998505231689088,0.8996007665434202,669