val_accuracy,val_f1score,nsamples
0.8938714499252616,0.8946500973762952,669