val_accuracy,val_f1score,nsamples
0.7488789237668162,0.7479995347845965,669