val_accuracy,val_f1score,nsamples
0.9447761194029851,0.9444289492663998,670