val_accuracy,val_f1score,nsamples
0.8761194029850746,0.8746185416023164,670