val_accuracy,val_f1score,nsamples
0.8671641791044776,0.8649329863844594,670