val_accuracy,val_f1score,nsamples
0.7399103139013453,0.7406793591637306,669