val_accuracy,val_f1score,nsamples
0.7339312406576981,0.7354396327644479,669