val_accuracy,val_f1score,nsamples
0.9373134328358209,0.9374355155326662,670