val_accuracy,val_f1score,nsamples
0.9313432835820895,0.9307759880070711,670