val_accuracy,val_f1score,nsamples
0.8863976083707026,0.8867016882226259,669