val_accuracy,val_f1score,nsamples
0.9164179104477612,0.916248825848312,670