val_accuracy,val_f1score,nsamples
0.905829596412556,0.9054001288572674,669