val_accuracy,val_f1score,nsamples
0.7507462686567165,0.7508166538010316,670