val_accuracy,val_f1score,nsamples
0.8671641791044776,0.8657500035520721,670