val_accuracy,val_f1score,nsamples
0.7298507462686568,0.7280464832298863,670