val_accuracy,val_f1score,nsamples
0.7238805970149254,0.7208206641847059,670