val_accuracy,val_f1score,nsamples
0.7563527653213752,0.7568332854578084,669