val_accuracy,val_f1score,nsamples
0.9119402985074627,0.9117171958405116,670