val_accuracy,val_f1score,nsamples
0.9059701492537313,0.9055583070289492,670