val_accuracy,val_f1score,nsamples
0.926865671641791,0.926691549344016,670