val_accuracy,val_f1score,nsamples
0.9238805970149254,0.9239126221077506,670