val_accuracy,val_f1score,nsamples
0.750373692077728,0.7517043088001198,669