val_accuracy,val_f1score,nsamples
0.9313432835820895,0.930172289157878,670