val_accuracy,val_f1score,nsamples
0.8970149253731343,0.8970441947051216,670