val_accuracy,val_f1score,nsamples
0.8940298507462686,0.8935587108956482,670