val_accuracy,val_f1score,nsamples
0.8940298507462686,0.8940358120392655,670