val_accuracy,val_f1score,nsamples
0.7522388059701492,0.751718851810032,670