val_accuracy,val_f1score,nsamples
0.9357249626307922,0.9353754373766026,669