val_accuracy,val_f1score,nsamples
0.9252615844544095,0.9251978890549419,669