val_accuracy,val_f1score,nsamples
0.735820895522388,0.736729447796563,670