val_accuracy,val_f1score,nsamples
0.9626307922272048,0.9626180747426152,669