val_accuracy,val_f1score,nsamples
0.9208955223880597,0.9207547198391521,670