val_accuracy,val_f1score,nsamples
0.6985074626865672,0.696695986610941,670