val_accuracy,val_f1score,nsamples
0.7473841554559043,0.7479158500864912,669