val_accuracy,val_f1score,nsamples
0.7354260089686099,0.735204002855591,669