val_accuracy,val_f1score,nsamples
0.9417910447761194,0.942144392950623,670