val_accuracy,val_f1score,nsamples
0.9298507462686567,0.929704903666506,670