val_accuracy,val_f1score,nsamples
0.926865671641791,0.92662630267934,670