val_accuracy,val_f1score,nsamples
0.7686567164179104,0.7680989072573445,670