val_accuracy,val_f1score,nsamples
0.7268656716417911,0.7244987868358059,670