val_accuracy,val_f1score,nsamples
0.9432835820895522,0.94302162403819,670