val_accuracy,val_f1score,nsamples
0.7399103139013453,0.7412812961227867,669