val_accuracy,val_f1score,nsamples
0.7339312406576981,0.7357627553213018,669