val_accuracy,val_f1score,nsamples
0.9551569506726457,0.9551315061358652,669