val_accuracy,val_f1score,nsamples
0.9491778774289985,0.9493491779224436,669