val_accuracy,val_f1score,nsamples
0.9461883408071748,0.9464720251834503,669