val_accuracy,val_f1score,nsamples
0.7194029850746269,0.7199646761305466,670