val_accuracy,val_f1score,nsamples
0.7805970149253731,0.7803881688104322,670