val_accuracy,val_f1score,nsamples
0.7791044776119403,0.7790920390967185,670