val_accuracy,val_f1score,nsamples
0.7373134328358208,0.7369760205813989,670