val_accuracy,val_f1score,nsamples
0.8985074626865671,0.8979916809425089,670