val_accuracy,val_f1score,nsamples
0.8955223880597015,0.894695974226006,670