val_accuracy,val_f1score,nsamples
0.9312406576980568,0.9311691967659812,669