val_accuracy,val_f1score,nsamples
0.9237668161434978,0.9239024788830769,669