val_accuracy,val_f1score,nsamples
0.898355754857997,0.8977903064478253,669