val_accuracy,val_f1score,nsamples
0.7772795216741405,0.7767767775423947,669