val_accuracy,val_f1score,nsamples
0.7283582089552239,0.726745954453681,670