val_accuracy,val_f1score,nsamples
0.7940298507462686,0.7931762558921989,670