val_accuracy,val_f1score,nsamples
0.7850746268656716,0.7844713049350116,670