val_accuracy,val_f1score,nsamples
0.7473841554559043,0.7470613594403959,669