val_accuracy,val_f1score,nsamples
0.7164179104477612,0.7126761761458346,670