val_accuracy,val_f1score,nsamples
0.7089552238805971,0.7062537627757711,670