val_accuracy,val_f1score,nsamples
0.7802690582959642,0.7794798514661739,669