val_accuracy,val_f1score,nsamples
0.9567164179104478,0.9566134603074258,670