val_accuracy,val_f1score,nsamples
0.9044776119402985,0.9044365730654783,670