val_accuracy,val_f1score,nsamples
0.7776119402985074,0.775907261468401,670