val_accuracy,val_f1score,nsamples
0.7761194029850746,0.7737778688594901,670