val_accuracy,val_f1score,nsamples
0.7428998505231689,0.7430991656194061,669