val_accuracy,val_f1score,nsamples
0.7309417040358744,0.7296837169939928,669