val_accuracy,val_f1score,nsamples
0.7518684603886397,0.7505331241503017,669