val_accuracy,val_f1score,nsamples
0.8835820895522388,0.8845198938644055,670