val_accuracy,val_f1score,nsamples
0.8820895522388059,0.8824520334187981,670