val_accuracy,val_f1score,nsamples
0.746268656716418,0.7433451757531394,670