val_accuracy,val_f1score,nsamples
0.7492537313432835,0.7472260505509408,670