val_accuracy,val_f1score,nsamples
0.7373134328358208,0.7353710186111807,670