val_accuracy,val_f1score,nsamples
0.9388059701492537,0.9390411061081305,670