val_accuracy,val_f1score,nsamples
0.7507462686567165,0.7508958175697469,670