val_accuracy,val_f1score,nsamples
0.9507462686567164,0.950414352296956,670