val_accuracy,val_f1score,nsamples
0.9342301943198804,0.9338681591998248,669