val_accuracy,val_f1score,nsamples
0.9507462686567164,0.9507826403561757,670