val_accuracy,val_f1score,nsamples
0.8940298507462686,0.8941211874690054,670