val_accuracy,val_f1score,nsamples
0.9372197309417041,0.9370707817488889,669