val_accuracy,val_f1score,nsamples
0.9162929745889388,0.9166457968294848,669