val_accuracy,val_f1score,nsamples
0.9103139013452914,0.9110784666496743,669