val_accuracy,val_f1score,nsamples
0.9118086696562033,0.911616018771551,669