val_accuracy,val_f1score,nsamples
0.9088191330343797,0.9085773520146295,669