val_accuracy,val_f1score,nsamples
0.898355754857997,0.8987875337154265,669