val_accuracy,val_f1score,nsamples
0.9343283582089552,0.9341973248052655,670