val_accuracy,val_f1score,nsamples
0.9298507462686567,0.9296782445387205,670