val_accuracy,val_f1score,nsamples
0.8850746268656716,0.8849920030340138,670