val_accuracy,val_f1score,nsamples
0.8776119402985074,0.8773886748707026,670