val_accuracy,val_f1score,nsamples
0.908955223880597,0.908833229567724,670