val_accuracy,val_f1score,nsamples
0.9343283582089552,0.9346430951566417,670