val_accuracy,val_f1score,nsamples
0.9567164179104478,0.9566762538151083,670