val_accuracy,val_f1score,nsamples
0.9162929745889388,0.9165555631303892,669