val_accuracy,val_f1score,nsamples
0.953662182361734,0.9533478867155281,669