val_accuracy,val_f1score,nsamples
0.753731343283582,0.7530025307219239,670