val_accuracy,val_f1score,nsamples
0.7417910447761195,0.7421286805170221,670