val_accuracy,val_f1score,nsamples
0.8895522388059701,0.8889403054471022,670