val_accuracy,val_f1score,nsamples
0.7134328358208956,0.7117060755729434,670