val_accuracy,val_f1score,nsamples
0.9028400597907325,0.9023675131870553,669