val_accuracy,val_f1score,nsamples
0.9164179104477612,0.9161598929405433,670