val_accuracy,val_f1score,nsamples
0.9417040358744395,0.9416873656582436,669