val_accuracy,val_f1score,nsamples
0.9372197309417041,0.9368945985002262,669