val_accuracy,val_f1score,nsamples
0.908955223880597,0.908240002992556,670