val_accuracy,val_f1score,nsamples
0.9522388059701492,0.9524152658863362,670