val_accuracy,val_f1score,nsamples
0.953662182361734,0.9536584679732917,669