val_accuracy,val_f1score,nsamples
0.9521674140508222,0.9521100256901626,669