val_accuracy,val_f1score,nsamples
0.7283582089552239,0.7270353482706021,670