val_accuracy,val_f1score,nsamples
0.746268656716418,0.7465062383294985,670