val_accuracy,val_f1score,nsamples
0.7402985074626866,0.7377843800432297,670