val_accuracy,val_f1score,nsamples
0.7279521674140508,0.7279263683511419,669