val_accuracy,val_f1score,nsamples
0.9611940298507463,0.9612562434197971,670