val_accuracy,val_f1score,nsamples
0.9567164179104478,0.9568149170879608,670