val_accuracy,val_f1score,nsamples
0.8968609865470852,0.8972151050990945,669