val_accuracy,val_f1score,nsamples
0.8938714499252616,0.8943694351424444,669