val_accuracy,val_f1score,nsamples
0.7234678624813154,0.722241221440612,669