val_accuracy,val_f1score,nsamples
0.7432835820895523,0.7443332249011015,670