val_accuracy,val_f1score,nsamples
0.917910447761194,0.9180687441171622,670