val_accuracy,val_f1score,nsamples
0.9149253731343283,0.914562762840742,670