val_accuracy,val_f1score,nsamples
0.6940298507462687,0.6928700164963195,670