val_accuracy,val_f1score,nsamples
0.8805970149253731,0.8804086109257276,670