val_accuracy,val_f1score,nsamples
0.8731343283582089,0.8736483934946997,670