val_accuracy,val_f1score,nsamples
0.7414050822122571,0.7440863537233201,669