val_accuracy,val_f1score,nsamples
0.935820895522388,0.935777138215289,670