val_accuracy,val_f1score,nsamples
0.7238805970149254,0.721534444221123,670