val_accuracy,val_f1score,nsamples
0.9237668161434978,0.9238864882202009,669