val_accuracy,val_f1score,nsamples
0.9461883408071748,0.9458896751325242,669