val_accuracy,val_f1score,nsamples
0.935820895522388,0.9354794396960192,670