val_accuracy,val_f1score,nsamples
0.9044776119402985,0.9038538790992071,670