val_accuracy,val_f1score,nsamples
0.7164179104477612,0.7132204577503981,670