val_accuracy,val_f1score,nsamples
0.7716417910447761,0.7693948746163055,670