val_accuracy,val_f1score,nsamples
0.7671641791044777,0.7645864983081665,670