val_accuracy,val_f1score,nsamples
0.7686567164179104,0.7671696315323203,670