val_accuracy,val_f1score,nsamples
0.8761194029850746,0.8745005410948928,670