val_accuracy,val_f1score,nsamples
0.8701492537313433,0.8684181819729512,670