val_accuracy,val_f1score,nsamples
0.908955223880597,0.9085613632474263,670