val_accuracy,val_f1score,nsamples
0.7343283582089553,0.7305948357914629,670