msa_number,accuracy_percent,label
3.9964664310954072,84.01635514018692,red
4.996466431095407,83.79672897196262,c1
4.996466431095407,83.38785046728972,c2
4.996466431095407,83.18691588785047,c3
3.9929328621908136,83.51752336448598,purple
2.9964664310954072,83.76869158878505,purple
1.9929328621908127,83.65420560747664,c4
0.9964664310954059,83.44859813084113,violet
-0.007067137809187329,82.48247663551402,violet
