accuracy_percent,robustness_percent,label
64.46081317982144,48.51548510512451,Mixer
66.53416607962062,51.87499274091452,ViT
75.9807027162399,58.70894129274017,PiT
77.23607529392653,62.72165743470974,Twins
76.72176308539945,59.97206703910614,Swin
82.42424242424242,64.97206703910614,RX
83.96694214876032,66.64804469273743,Alter-ResNet
82.34159779614325,64.1899441340782,ResNet
