accuracy_percent, robustness_percent, label
81.60079051383399, 55.96825396825397, Twins
80.9090909090909, 52.666666666666664, Swin
80.49407114624506, 49.36507936507937, Alter-Resnet
79.73320158102766, 46.76190476190476, RX
78.12252964426877, 46.15873015873016, ResNet
76.36363636363636, 45.39682539682539, LeVit
72.94466403162055, 45.476190476190474, ConVit
72.68774703557312, 43.23809523809524, PiT
69.60474308300395, 38.095238095238095, ViT
