val_accuracy,val_f1score,nsamples
0.9462686567164179,0.9458802958208559,670