val_accuracy,val_f1score,nsamples
0.9119402985074627,0.9119482972383407,670