val_accuracy,val_f1score,nsamples
0.9073243647234679,0.9066620193054533,669