val_accuracy,val_f1score,nsamples
0.7417910447761195,0.7403968899921879,670