val_accuracy,val_f1score,nsamples
0.9208955223880597,0.9201561534017426,670