val_accuracy,val_f1score,nsamples
0.929745889387145,0.9296144061542653,669