val_accuracy,val_f1score,nsamples
0.8746268656716418,0.8738869140267783,670