val_accuracy,val_f1score,nsamples
0.9462686567164179,0.9462627542690011,670