val_accuracy,val_f1score,nsamples
0.7656716417910447,0.7641254114552015,670