val_accuracy,val_f1score,nsamples
0.8925373134328358,0.892248024898348,670