val_accuracy,val_f1score,nsamples
0.9432835820895522,0.9433906144762952,670