val_accuracy,val_f1score,nsamples
0.9582089552238806,0.9584327404758695,670