val_accuracy,val_f1score,nsamples
0.7298507462686568,0.7299825776269102,670