val_accuracy,val_f1score,nsamples
0.9537313432835821,0.9536161448065343,670