val_accuracy,val_f1score,nsamples
0.7593423019431988,0.7570618770992854,669