val_accuracy,val_f1score,nsamples
0.9043348281016442,0.9038640877682007,669