val_accuracy,val_f1score,nsamples
0.9298507462686567,0.9299987430598847,670