val_accuracy,val_f1score,nsamples
0.9223880597014925,0.9226925143823257,670