val_accuracy,val_f1score,nsamples
0.9103139013452914,0.9107256198336812,669