val_accuracy,val_f1score,nsamples
0.9402092675635276,0.9398173149183114,669