val_accuracy,val_f1score,nsamples
0.891044776119403,0.8907911612221765,670