val_accuracy,val_f1score,nsamples
0.7253731343283583,0.7269247539446235,670