val_accuracy,val_f1score,nsamples
0.9328358208955224,0.9324105026533598,670