val_accuracy,val_f1score,nsamples
0.9357249626307922,0.9355814576929503,669