val_accuracy,val_f1score,nsamples
0.9267563527653214,0.9265106159772829,669