val_accuracy,val_f1score,nsamples
0.7443946188340808,0.743360671884956,669