val_accuracy,val_f1score,nsamples
0.7219730941704036,0.7215354714490148,669