val_accuracy,val_f1score,nsamples
0.8925373134328358,0.892620334097403,670