val_accuracy,val_f1score,nsamples
0.9104477611940298,0.9108126500560967,670