val_accuracy,val_f1score,nsamples
0.8641791044776119,0.8636167982749531,670