val_accuracy,val_f1score,nsamples
0.8567164179104477,0.8561582589654947,670