val_accuracy,val_f1score,nsamples
0.7713004484304933,0.7710468696535892,669