val_accuracy,val_f1score,nsamples
0.7653213751868461,0.7652863247733681,669