val_accuracy,val_f1score,nsamples
0.9432835820895522,0.9430292520314715,670