val_accuracy,val_f1score,nsamples
0.9402985074626866,0.9400566507408757,670