val_accuracy,val_f1score,nsamples
0.9477611940298507,0.9479692407605952,670