val_accuracy,val_f1score,nsamples
0.744776119402985,0.7464079244577562,670