val_accuracy,val_f1score,nsamples
0.9074626865671642,0.9072298820465206,670