val_accuracy,val_f1score,nsamples
0.9551569506726457,0.9552685004786832,669