val_accuracy,val_f1score,nsamples
0.8970149253731343,0.8966408905689894,670