val_accuracy,val_f1score,nsamples
0.891044776119403,0.8908583559027908,670