val_accuracy,val_f1score,nsamples
0.9567164179104478,0.9567893992838106,670