val_accuracy,val_f1score,nsamples
0.750373692077728,0.7492208504570403,669