val_accuracy,val_f1score,nsamples
0.753731343283582,0.7538647450141309,670