val_accuracy,val_f1score,nsamples
0.7492537313432835,0.7473814200362126,670