val_accuracy,val_f1score,nsamples
0.9013452914798207,0.9005552871631564,669