val_accuracy,val_f1score,nsamples
0.9432835820895522,0.9428465066244885,670