val_accuracy,val_f1score,nsamples
0.7384155455904334,0.7374185498406046,669