val_accuracy,val_f1score,nsamples
0.7309417040358744,0.7286254632881263,669