val_accuracy,val_f1score,nsamples
0.8985074626865671,0.8985516175409143,670