val_accuracy,val_f1score,nsamples
0.8865671641791045,0.8862111770333323,670