val_accuracy,val_f1score,nsamples
0.9431988041853513,0.9433389217601569,669