val_accuracy,val_f1score,nsamples
0.7417910447761195,0.7406820944674585,670