val_accuracy,val_f1score,nsamples
0.7548579970104634,0.7545728349931836,669