val_accuracy,val_f1score,nsamples
0.7518684603886397,0.7516042003054578,669