val_accuracy,val_f1score,nsamples
0.7373134328358208,0.7356015716796418,670