val_accuracy,val_f1score,nsamples
0.9044776119402985,0.9047552763361015,670