val_accuracy,val_f1score,nsamples
0.8940298507462686,0.8939233783182229,670