val_accuracy,val_f1score,nsamples
0.9462686567164179,0.9462668357725702,670