val_accuracy,val_f1score,nsamples
0.922272047832586,0.9221673511187115,669