val_accuracy,val_f1score,nsamples
0.926865671641791,0.9269837969612571,670