val_accuracy,val_f1score,nsamples
0.7402985074626866,0.7407213040187469,670