val_accuracy,val_f1score,nsamples
0.9014925373134328,0.9005268618980776,670