val_accuracy,val_f1score,nsamples
0.7328358208955223,0.733165152194709,670