val_accuracy,val_f1score,nsamples
0.7238805970149254,0.7242293541361028,670