val_accuracy,val_f1score,nsamples
0.9104477611940298,0.9099509961232342,670