val_accuracy,val_f1score,nsamples
0.8686567164179104,0.8668085648888165,670