val_accuracy,val_f1score,nsamples
0.8597014925373134,0.8584203218394191,670