val_accuracy,val_f1score,nsamples
0.9029850746268657,0.903171582248627,670