val_accuracy,val_f1score,nsamples
0.7328358208955223,0.7319349932131993,670