val_accuracy,val_f1score,nsamples
0.757847533632287,0.7569312341371203,669