val_accuracy,val_f1score,nsamples
0.9029850746268657,0.9034718039564342,670