val_accuracy,val_f1score,nsamples
0.8985074626865671,0.8991238956506395,670