val_accuracy,val_f1score,nsamples
0.7343283582089553,0.732652603414511,670