val_accuracy,val_f1score,nsamples
0.9581464872944694,0.9581203092166977,669