val_accuracy,val_f1score,nsamples
0.9446935724962631,0.9445705612916325,669