val_accuracy,val_f1score,nsamples
0.9492537313432836,0.9486975499790757,670