val_accuracy,val_f1score,nsamples
0.8880597014925373,0.8883313976507025,670