val_accuracy,val_f1score,nsamples
0.9597014925373134,0.9598137057903207,670