val_accuracy,val_f1score,nsamples
0.9597014925373134,0.959807988315537,670