val_accuracy,val_f1score,nsamples
0.7119402985074627,0.7118088452834076,670