val_accuracy,val_f1score,nsamples
0.755223880597015,0.7544006999088116,670