val_accuracy,val_f1score,nsamples
0.9177877428998505,0.9179803654132873,669