val_accuracy,val_f1score,nsamples
0.9521674140508222,0.9522951892210775,669