val_accuracy,val_f1score,nsamples
0.9492537313432836,0.9489330656472987,670