val_accuracy,val_f1score,nsamples
0.6791044776119403,0.6766728954923031,670