val_accuracy,val_f1score,nsamples
0.6716417910447762,0.6707236034531588,670