val_accuracy,val_f1score,nsamples
0.7238805970149254,0.7234644136467551,670