val_accuracy,val_f1score,nsamples
0.7223880597014926,0.7238719514215864,670