val_accuracy,val_f1score,nsamples
0.9476831091180867,0.9475027468419701,669