val_accuracy,val_f1score,nsamples
0.7388059701492538,0.7381090114823275,670