arch,val_accuracy_mean,val_accuracy_std,foldcnt_x,val_f1score_mean,val_f1score_std,foldcnt_y,nsamples
resnet50,0.9011766094787645,0.01298868308938594,120,0.9010492291699599,0.013152798332001631,120,670
resnext50,0.9387048315968737,0.01125821802228441,120,0.9385868493219381,0.011376502482511059,120,670
vit_small,0.7371118808052414,0.02000681973145336,120,0.7362937403479294,0.020094569883235373,120,670
