arch,seed,val_accuracy_mean,val_accuracy_std,foldcnt_x,val_f1score_mean,val_f1score_std,foldcnt_y,nsamples,description
resnet50,42,0.903316823951989,0.0106375306410823,20,0.9030938644792956,0.0107192078922383,20,670,seed=42
resnext50,42,0.9352711777435692,0.0121905947381809,20,0.9351548980507722,0.0122167653735183,20,670,seed=42
vit_small,42,0.7382433125850568,0.0168398916828234,20,0.7373202400721117,0.0172294342081125,20,670,seed=42
