arch,val_accuracy_mean,val_accuracy_std,foldcnt_x,val_f1score_mean,val_f1score_std,foldcnt_y,nsamples
resnet50,0.9062659051528605,0.01247872936826304,120,0.9061314682965463,0.01267736811771378,120,670
resnext50,0.9428856650975318,0.010606007143955916,120,0.9427850545431463,0.010712073466975827,120,670
vit_small,0.7441178264135229,0.019258071543952482,120,0.743243040130808,0.01948019750546,120,670
