val_accuracy,val_f1score,nsamples
0.7787742899850523,0.7785866222166254,669