val_accuracy,val_f1score,nsamples
0.7698056801195815,0.7692570971648651,669