val_accuracy,val_f1score,nsamples
0.7268656716417911,0.7262391154077333,670