val_accuracy,val_f1score,nsamples
0.9283582089552239,0.9283017965070506,670