val_accuracy,val_f1score,nsamples
0.691044776119403,0.6916806554676544,670