val_accuracy,val_f1score,nsamples
0.6865671641791045,0.6872403534727844,670