val_accuracy,val_f1score,nsamples
0.7208955223880597,0.7220951878154186,670