val_accuracy,val_f1score,nsamples
0.908955223880597,0.9091962632607449,670