val_accuracy,val_f1score,nsamples
0.9283582089552239,0.9284717648782239,670