val_accuracy,val_f1score,nsamples
0.8985074626865671,0.8993793062302287,670