val_accuracy,val_f1score,nsamples
0.7208955223880597,0.7204501360133478,670