val_accuracy,val_f1score,nsamples
0.9177877428998505,0.9182917615478743,669