val_accuracy,val_f1score,nsamples
0.9147982062780269,0.9152860286439267,669