val_accuracy,val_f1score,nsamples
0.7384155455904334,0.7370580498215541,669