val_accuracy,val_f1score,nsamples
0.7343283582089553,0.7318772782520612,670