val_accuracy,val_f1score,nsamples
0.7223880597014926,0.7185279167935765,670