val_accuracy,val_f1score,nsamples
0.7608370702541106,0.7614346919951084,669