val_accuracy,val_f1score,nsamples
0.9342301943198804,0.9342029569490314,669