val_accuracy,val_f1score,nsamples
0.9282511210762332,0.9281943080179343,669