val_accuracy,val_f1score,nsamples
0.7533632286995515,0.7522218779601425,669