val_accuracy,val_f1score,nsamples
0.917910447761194,0.917833765526547,670