val_accuracy,val_f1score,nsamples
0.9074626865671642,0.9075551241792175,670