val_accuracy,val_f1score,nsamples
0.9566517189835575,0.9566650019034076,669