val_accuracy,val_f1score,nsamples
0.935820895522388,0.9355716217805474,670