val_accuracy,val_f1score,nsamples
0.9207772795216741,0.9208583522896762,669