val_accuracy,val_f1score,nsamples
0.7313432835820896,0.7283234287354391,670