val_accuracy,val_f1score,nsamples
0.8878923766816144,0.8878423341892913,669