val_accuracy,val_f1score,nsamples
0.8834080717488789,0.8832381002688853,669