val_accuracy,val_f1score,nsamples
0.9432835820895522,0.9435390823677053,670