val_accuracy,val_f1score,nsamples
0.7820895522388059,0.7801160208749899,670