val_accuracy,val_f1score,nsamples
0.7731343283582089,0.7716454761714585,670