val_accuracy,val_f1score,nsamples
0.9237668161434978,0.9239639447372995,669