val_accuracy,val_f1score,nsamples
0.9253731343283582,0.9253759316868101,670