val_accuracy,val_f1score,nsamples
0.9194029850746268,0.91916951751788,670