val_accuracy,val_f1score,nsamples
0.9134328358208955,0.913272842761933,670