val_accuracy,val_f1score,nsamples
0.7522388059701492,0.7500595778271095,670