val_accuracy,val_f1score,nsamples
0.7432835820895523,0.7428830846041241,670