val_accuracy,val_f1score,nsamples
0.7414050822122571,0.7420803806591627,669