val_accuracy,val_f1score,nsamples
0.922272047832586,0.9224587099781232,669