val_accuracy,val_f1score,nsamples
0.9327354260089686,0.9325537030850253,669