val_accuracy,val_f1score,nsamples
0.9312406576980568,0.9311001143874885,669