val_accuracy,val_f1score,nsamples
0.9118086696562033,0.9115694381050888,669