val_accuracy,val_f1score,nsamples
0.9133034379671151,0.9131567527592002,669