val_accuracy,val_f1score,nsamples
0.7582089552238805,0.75752730939026,670