val_accuracy,val_f1score,nsamples
0.7567164179104477,0.7561725383674875,670