val_accuracy,val_f1score,nsamples
0.9133034379671151,0.9127298551929638,669