val_accuracy,val_f1score,nsamples
0.8880597014925373,0.887310081587849,670