val_accuracy,val_f1score,nsamples
0.9387144992526159,0.9383837121494406,669