val_accuracy,val_f1score,nsamples
0.7757847533632287,0.7764761301699618,669