val_accuracy,val_f1score,nsamples
0.7294469357249627,0.7277535518725087,669