val_accuracy,val_f1score,nsamples
0.9088191330343797,0.9080375603337162,669