val_accuracy,val_f1score,nsamples
0.7597014925373134,0.758092114668021,670