val_accuracy,val_f1score,nsamples
0.9013452914798207,0.901200317285806,669