val_accuracy,val_f1score,nsamples
0.6850746268656717,0.6825277301526826,670