val_accuracy,val_f1score,nsamples
0.6746268656716418,0.6741700026026068,670