val_accuracy,val_f1score,nsamples
0.9104477611940298,0.910221720217861,670