val_accuracy,val_f1score,nsamples
0.7388059701492538,0.7363476671376026,670