val_accuracy,val_f1score,nsamples
0.8953662182361734,0.89526920321907,669