val_accuracy,val_f1score,nsamples
0.8923766816143498,0.8927971022251447,669