val_accuracy,val_f1score,nsamples
0.9492537313432836,0.9490948953023395,670