val_accuracy,val_f1score,nsamples
0.9417910447761194,0.9422119358778726,670